Player|url|flag|height|weight|age|hand|year_pro
Carballes Baena R.|https://www.tennisexplorer.com/player/carballes-baena/|Spain|183|77|31|right|2009
Darderi L.|https://www.tennisexplorer.com/player/darderi/|Italy|||22|right|2019
Oliveira G.|https://www.tennisexplorer.com/player/oliveira-43505/|Venezuela|185|79|29|left|2010
Bourgue M.|https://www.tennisexplorer.com/player/bourgue/|France|188|83|30|right|2010
Caruso S.|https://www.tennisexplorer.com/player/caruso-7cfdb/|Italy|185|80|31|right|2008
Lopez Montagud C.|https://www.tennisexplorer.com/player/lopez-montagud/|Spain|||24|right|2015
Mager G.|https://www.tennisexplorer.com/player/mager/|Italy|188|77|29|right|2010
Toledo Bague P.|https://www.tennisexplorer.com/player/toledo-bague/|Spain|178|72|29|right|2010
Rosol L.|https://www.tennisexplorer.com/player/rosol/|CzechRepublic|193|83|39|right|2002
Giannessi A.|https://www.tennisexplorer.com/player/giannessi/|Italy|185|82|34|left|2006
Gimeno Valero C.|https://www.tennisexplorer.com/player/gimeno-valero/|Spain|188|80|23|right|2016
Skatov T.|https://www.tennisexplorer.com/player/skatov/|Kazakhstan|173|73|23|right|2016
Nikles J.|https://www.tennisexplorer.com/player/nikles/|Switzerland|170|68|27|right|2013
Gaio F.|https://www.tennisexplorer.com/player/gaio/|Italy|180|84|32|right|2008
Martin Tiffon P.|https://www.tennisexplorer.com/player/martin-tiffon/|Spain|183|73|25|right|2016
Zekic M.|https://www.tennisexplorer.com/player/zekic/|Serbia|185|79|36|right|2003
Sanchez Izquierdo N.|https://www.tennisexplorer.com/player/sanchez-izquierdo-99add/|Spain|185|77|25|right|2015
Giustino L.|https://www.tennisexplorer.com/player/giustino-1d545/|Italy|180|83|32|right|2006
Ajdukovic D.|https://www.tennisexplorer.com/player/ajdukovic/|Croatia|185|75|23|right|2015
Damas M.|https://www.tennisexplorer.com/player/damas/|Spain|||24|right|2015
Barranco Cosano J.|https://www.tennisexplorer.com/player/barranco-cosano/|Spain|175|72|25|left|2014
Roca Batalla O.|https://www.tennisexplorer.com/player/roca-batalla/|Spain|173|75|31|right|2008
Bonadio R.|https://www.tennisexplorer.com/player/bonadio/|Italy|180|81|31|right|2009
Perchicot M.|https://www.tennisexplorer.com/player/perchicot/|France|185|85|31|right|2014
Blanch U.|https://www.tennisexplorer.com/player/blanch-d9f24/|USA|188|78|26|right|2014
Eysseric J.|https://www.tennisexplorer.com/player/eysseric/|France|180|80|34|left|2004
Peniston R.|https://www.tennisexplorer.com/player/peniston/|GreatBritain|183|75|28|left|2012
Marterer M.|https://www.tennisexplorer.com/player/marterer/|Germany|191|84|29|left|2011
Van Rijthoven T.|https://www.tennisexplorer.com/player/van-rijthoven/|Netherlands|188|89|27|right|2013
Kamke T.|https://www.tennisexplorer.com/player/kamke/|Germany|178|76|38|right|2003
Jianu F.|https://www.tennisexplorer.com/player/jianu-c67fb/|Romania|180|70|22|right|2016
Nardi L.|https://www.tennisexplorer.com/player/nardi-e2cda/|Italy|||21|right|2018
Escoffier A.|https://www.tennisexplorer.com/player/escoffier/|France|185|78|32|right|2008
Lenz J.|https://www.tennisexplorer.com/player/lenz-a4376/|Germany|188|82|31|right|2009
Moraing M.|https://www.tennisexplorer.com/player/moraing/|Germany|198|84|32|left|2008
Guinard M.|https://www.tennisexplorer.com/player/guinard/|France|196|81|28|right|2013
Brouwer G.|https://www.tennisexplorer.com/player/brouwer-44152/|Netherlands|191|72|28|left|2013
Ficovich J.|https://www.tennisexplorer.com/player/ficovich/|Argentina|191|78|27|right|2013
Whitehouse M.|https://www.tennisexplorer.com/player/whitehouse-171ae/|GreatBritain|188|80|31|right|2010
Rodriguez Rodriguez J.|https://www.tennisexplorer.com/player/rodriguez-rodriguez-ad3a3/|Colombia|||20|right|2019
Kuzuhara B.|https://www.tennisexplorer.com/player/kuzuhara/|USA|||20|right|2021
Baquero D.|https://www.tennisexplorer.com/player/baquero/|DominicanRep.||||right|2021
Sekulic P.|https://www.tennisexplorer.com/player/sekulic-13abc/|Australia|||20|right|2018
Niki T.|https://www.tennisexplorer.com/player/niki/|Japan|183|73|36|right|2005
Walkin B.|https://www.tennisexplorer.com/player/walkin/|GreatBritain|188|85|29|right|2013
Vanshelboim E.|https://www.tennisexplorer.com/player/vanshelboim/|Ukraine|188|86|23|right|2018
Folliot Q.|https://www.tennisexplorer.com/player/folliot/|France|||25|right|2015
Pichler D.|https://www.tennisexplorer.com/player/pichler-fd7ab/|Austria|178|70|28|right|2013
Saitoh K.|https://www.tennisexplorer.com/player/saitoh/|Japan|163|68|23|left|2019
Romios M.|https://www.tennisexplorer.com/player/romios/|Australia|183|73|25|right|2014
Crawford O.|https://www.tennisexplorer.com/player/crawford-71058/|GreatBritain|180|84|25|right|2016
Munoz E.|https://www.tennisexplorer.com/player/munoz-1a9fc/|DominicanRep.|||19|right|2019
Angele J.|https://www.tennisexplorer.com/player/angele/|France|206|93|24|right|2015
Langmo C.|https://www.tennisexplorer.com/player/langmo/|USA|191|84|28|right|2013
Jasika O.|https://www.tennisexplorer.com/player/jasika/|Australia|183|60|27|left|2011
Bataljin L.|https://www.tennisexplorer.com/player/bataljin/|Australia|168|53|28|right|2011
Tokuda R.|https://www.tennisexplorer.com/player/tokuda-f9c9a/|Japan|178|69|26|right|2013
Addison A.|https://www.tennisexplorer.com/player/addison-a190e/|Australia|191|82|28|right|2012
Guerrieri A.|https://www.tennisexplorer.com/player/guerrieri/|Italy|||25|left|2015
Bosio G.|https://www.tennisexplorer.com/player/bosio-f82d1/|Italy|||23|right|2016
Tabacco G.|https://www.tennisexplorer.com/player/tabacco-3fc98/|Italy|||21|right|2018
Rottoli L.|https://www.tennisexplorer.com/player/rottoli/|Italy|||22|right|2016
Tabur C.|https://www.tennisexplorer.com/player/tabur/|France|170|70|24|right|2015
Ehrat S.|https://www.tennisexplorer.com/player/ehrat/|Switzerland|180|72|33|right|2007
Deckers A.|https://www.tennisexplorer.com/player/deckers/|Netherlands|193|82|24|right|2017
Ochi M.|https://www.tennisexplorer.com/player/ochi-91d1b/|Japan|175|65|28|left|2014
Shimizu Y.|https://www.tennisexplorer.com/player/shimizu-38ca9/|Japan|163|62|25|left|2015
Rocha H.|https://www.tennisexplorer.com/player/rocha-0492a/|Portugal|||20|right|2020
Sharipov M.|https://www.tennisexplorer.com/player/sharipov-a3d0a/|Russia|||21|right|2019
Khabibulin T.|https://www.tennisexplorer.com/player/khabibulin/|Kazakhstan|185|83|29|right|2009
Palan D.|https://www.tennisexplorer.com/player/palan/|CzechRepublic|||23|right|2018
Bondarevskiy Y.|https://www.tennisexplorer.com/player/bondarevskiy/|Russia|191|71|24|left|2015
Dembek M.|https://www.tennisexplorer.com/player/dembek/|Poland|196|93|27|right|2014
Aitkulov A.|https://www.tennisexplorer.com/player/aitkulov/|Kazakhstan|||20|right|2021
Medjedovic H.|https://www.tennisexplorer.com/player/medjedovic/|Serbia|||21|right|2019
Lomakin G.|https://www.tennisexplorer.com/player/lomakin-0fb5e/|Kazakhstan|198|78|26|right|2013
Kivattsev K.|https://www.tennisexplorer.com/player/kivattsev/|Russia|193|80|26|right|2015
Bobrov B.|https://www.tennisexplorer.com/player/bobrov/|Russia|185|74|26|right|2012
Jorda Sanchis D.|https://www.tennisexplorer.com/player/jorda-sanchis/|Spain|196|86|30|right|2009
Mertens Y.|https://www.tennisexplorer.com/player/mertens/|Belgium|188|72|37|right|2004
Cox D.|https://www.tennisexplorer.com/player/cox-75b8b/|GreatBritain|170|72|33|right|2005
Rodenas P.|https://www.tennisexplorer.com/player/rodenas/|Spain|||20|left|2020
Manzanera Pertusa A.|https://www.tennisexplorer.com/player/manzanera-pertusa/|Spain|||21|right|2020
Blanch D.|https://www.tennisexplorer.com/player/blanch-5d667/|USA|||21|right|2020
Riedi L.|https://www.tennisexplorer.com/player/riedi-a3a3d/|Switzerland|||22|right|2020
Barreto Sanchez D.|https://www.tennisexplorer.com/player/barreto-sanchez/|Spain|||22|left|2018
Wallart E.|https://www.tennisexplorer.com/player/wallart/|France|||27|right|2013
Winter Lopez B.|https://www.tennisexplorer.com/player/winter-lopez/|Spain|||26|right|2016
Cretu C.|https://www.tennisexplorer.com/player/cretu-93488/|Romania|||23|right|2016
Zima L.|https://www.tennisexplorer.com/player/zima-712b7/|Germany|||24|right|2015
Gill F.|https://www.tennisexplorer.com/player/gill-59a09/|GreatBritain|||22|left|2018
Niedner N.|https://www.tennisexplorer.com/player/niedner/|Germany||||right|2020
Kirci K.|https://www.tennisexplorer.com/player/kirci/|Turkey|||25|right|2013
Klok D.|https://www.tennisexplorer.com/player/klok/|Russia|180|82|26|right|2013
Manda C.|https://www.tennisexplorer.com/player/manda/|Romania|||26|right|2012
Mochizuki Y.|https://www.tennisexplorer.com/player/mochizuki-7f854/|Japan|173|60|26|right|2016
Pujol Navarro B.|https://www.tennisexplorer.com/player/pujol-navarro/|Spain|||22|left|2017
Rabinad Vila K.|https://www.tennisexplorer.com/player/rabinad-vila/|Spain|||19|right|2021
Moreno A.|https://www.tennisexplorer.com/player/moreno-9a92e/|Mexico|||34|right|2007
Nortey I.|https://www.tennisexplorer.com/player/nortey-0c11d/|Ghana|||25|right|2016
Becroft I.|https://www.tennisexplorer.com/player/becroft/|NewZealand|||23|right|2018
Steiglehner N.|https://www.tennisexplorer.com/player/steiglehner/|USA|||20|right|2021
Swenson B.|https://www.tennisexplorer.com/player/swenson/|USA|||20|right|2021
Bigun M.|https://www.tennisexplorer.com/player/bigun-8898b/|USA|||18|right|2021
Bangoura S.|https://www.tennisexplorer.com/player/bangoura/|USA|183|77|32|right|2008
Sysoev N.|https://www.tennisexplorer.com/player/sysoev-d4153/|Russia||||right|2019
Adam N.|https://www.tennisexplorer.com/player/adam-0d577/|Sudan|||29|right|2010
Boulier Santelices L.|https://www.tennisexplorer.com/player/boulier-santelices/|Chile||||right|2022
Barreiros Reyes M.|https://www.tennisexplorer.com/player/barreiros-reyes/|Brazil|||23|left|2017
Rivera H.|https://www.tennisexplorer.com/player/rivera-eb124/|USA||||right|2020
Nidunjianzan T.|https://www.tennisexplorer.com/player/nidunjianzan-dc123/|USA|||23|right|2021
Frusina A.|https://www.tennisexplorer.com/player/frusina/|USA|||18|right|2022
Segura M.|https://www.tennisexplorer.com/player/segura-e09a8/|USA|||23|right|2016
Arredondo Delgado S.|https://www.tennisexplorer.com/player/arredondo-delgado/|Mexico||||right|2021
Vukadin N.|https://www.tennisexplorer.com/player/vukadin-763a8/|Croatia|||20|right|2021
Snitari I.|https://www.tennisexplorer.com/player/snitari/|Moldavsko|||22|right|2020
Ban I.|https://www.tennisexplorer.com/player/ban-fda67/|Croatia||||right|2019
Krstic V.|https://www.tennisexplorer.com/player/krstic/|Serbia|||21|right|2021
Bol J.|https://www.tennisexplorer.com/player/bol/|Netherlands|||22|right|2021
Rozenberg T.|https://www.tennisexplorer.com/player/rozenberg-11418/|Netherlands|||21|right|2021
Van Zijl T.|https://www.tennisexplorer.com/player/van-zijl/|Netherlands|||21|right|2021
Stuurman R.|https://www.tennisexplorer.com/player/stuurman/|Netherlands|||25|right|2017
Galik M.|https://www.tennisexplorer.com/player/galik-1b5fc/|Slovakia||||right|2020
Fekete J.|https://www.tennisexplorer.com/player/fekete-1b5b9/|Slovakia|||23|right|2019
Wassermann M.|https://www.tennisexplorer.com/player/wassermann-1c33c/|Netherlands||||right|2021
Hodzic A.|https://www.tennisexplorer.com/player/hodzic-d9910/|Germany|||22|right|2021
Rogic Hadzalic A.|https://www.tennisexplorer.com/player/rogic-hadzalic/|Croatia|||27|right|2015
Havlicek M.|https://www.tennisexplorer.com/player/havlicek-6584a/|CzechRepublic||||right|2021
Bielinskyi O.|https://www.tennisexplorer.com/player/bielinskyi-90e51/|Ukraine|185|80|30|right|2011
Van Den Berg R.|https://www.tennisexplorer.com/player/van-den-berg-987aa/|Netherlands|||28|right|2017
Petrovic D.|https://www.tennisexplorer.com/player/petrovic-528e3/|Serbia|203|86|32|right|2008
Gostincar D.|https://www.tennisexplorer.com/player/gostincar/|Slovenia|||28|right|2013
Petrovic D.|https://www.tennisexplorer.com/player/petrovic-38c78/|BosniaandHerzeg.|||21|right|2019
Tadic V.|https://www.tennisexplorer.com/player/tadic-3669f/|BosniaandHerzeg.|||23|right|2018
Zielinski M.|https://www.tennisexplorer.com/player/zielinski-20761/|Poland|||23|right|2018
Eisinga Z.|https://www.tennisexplorer.com/player/eisinga/|Netherlands|||24|right|2016
Dhoe B.|https://www.tennisexplorer.com/player/dhoe/|Belgium|||27|right|2013
Koch N.|https://www.tennisexplorer.com/player/koch-40496/|Germany|||25|right|2014
Nagy P.|https://www.tennisexplorer.com/player/nagy-65656/|Hungary|180|73|32|right|2010
Kekez D.|https://www.tennisexplorer.com/player/kekez-8dbed/|Croatia|||31|right|2008
Rojas O.|https://www.tennisexplorer.com/player/rojas-75841/|Belgium||||right|2019
Pierre H.|https://www.tennisexplorer.com/player/pierre/|France|||28|right|2014
Dafcik T.|https://www.tennisexplorer.com/player/dafcik/|Germany|||30|right|2012
Jovanovic P.|https://www.tennisexplorer.com/player/jovanovic-9f2af/|Montenegro|||21|right|2021
Sollie T.|https://www.tennisexplorer.com/player/sollie/|Netherlands|||26|right|2016
De Krom M.|https://www.tennisexplorer.com/player/de-krom/|Netherlands|||26|right|2015
Matsuda R.|https://www.tennisexplorer.com/player/matsuda-ad000/|Japan|||24|right|2018
Beckley A.|https://www.tennisexplorer.com/player/beckley/|RSA|||23|right|2018
Jones A.|https://www.tennisexplorer.com/player/jones-1567c/|GreatBritain|||26|right|2014
Dickerson R.|https://www.tennisexplorer.com/player/dickerson-b5345/|USA|||27|right|2019
Steiner M.|https://www.tennisexplorer.com/player/steiner-7d2c8/|Germany|||30|right|2017
Altamirano C.|https://www.tennisexplorer.com/player/altamirano-763f5/|USA|188|85|28|right|2012
Bybel N.|https://www.tennisexplorer.com/player/bybel/|USA|||30|right|2011
Martin T.|https://www.tennisexplorer.com/player/martin-a1ff9/|GreatBritain|188|78|31|right|2010
Flores J.|https://www.tennisexplorer.com/player/flores-d3104/|CostaRica|188|82|29|right|2012
Panta J.|https://www.tennisexplorer.com/player/panta-7a00d/|Peru|||29|right|2011
Perez A.|https://www.tennisexplorer.com/player/perez-37652/|USA|||27|right|2013
Short E.|https://www.tennisexplorer.com/player/short-aa21f/|USA||||right|2021
Lilov V.|https://www.tennisexplorer.com/player/lilov-8f33a/|USA|||20|right|2019
Damm M.|https://www.tennisexplorer.com/player/damm-4f98a/|USA|||20|left|2018
Patten H.|https://www.tennisexplorer.com/player/patten-204b5/|GreatBritain|198|91|28|right|2019
Valsecchi P.|https://www.tennisexplorer.com/player/valsecchi-a9cdd/|France|||26|left|2014
Markes C.|https://www.tennisexplorer.com/player/markes/|USA|||27|right|2015
Mbithi M.|https://www.tennisexplorer.com/player/mbithi/|USA|200|75|26|right|2013
Hazawa S.|https://www.tennisexplorer.com/player/hazawa-9e391/|Japan|175|68|25|right|2016
Bagnolini D.|https://www.tennisexplorer.com/player/bagnolini/|Italy|||21|right|2019
Mu T.|https://www.tennisexplorer.com/player/mu-1ad97/|China|180|75|24|right|2015
Takahata R.|https://www.tennisexplorer.com/player/takahata-acdb6/|Japan|||22|right|2016
Imamura M.|https://www.tennisexplorer.com/player/imamura-da963/|Japan|||25|right|2015
Dubouch M.|https://www.tennisexplorer.com/player/dubouch/|France||||right|2021
Benchakroun M.|https://www.tennisexplorer.com/player/benchakroun-722ce/|Morocco|||20|right|2021
Brigida O.|https://www.tennisexplorer.com/player/brigida/|Italy|||25|right|2016
Yamasaki J.|https://www.tennisexplorer.com/player/yamasaki-feffb/|Japan|180|75|27|right|2013
Lofman A.|https://www.tennisexplorer.com/player/lofman/|Finland|||22|right|2017
Perez Contri S.|https://www.tennisexplorer.com/player/perez-contri/|Spain|||26|left|2013
Echeverria J.|https://www.tennisexplorer.com/player/echeverria-ef17c/|Spain|||22|right|2016
Curras Abasolo T.|https://www.tennisexplorer.com/player/curras-abasolo/|Spain|||24|right|2014
Beecher M.|https://www.tennisexplorer.com/player/beecher-12bc1/|GreatBritain|||24|right|2017
Coelho F.|https://www.tennisexplorer.com/player/coelho-8a96d/|Portugal|||24|right|2015
Goldsteiner P.|https://www.tennisexplorer.com/player/goldsteiner/|Austria|173|65|34|right|2009
Piraino G.|https://www.tennisexplorer.com/player/piraino/|Italy|||20|left|2018
Marquiselli V.|https://www.tennisexplorer.com/player/marquiselli/|Argentina|||21|right|2018
Marino P.|https://www.tennisexplorer.com/player/marino-81908/|Italy|||23|right|2019
Parizzia N.|https://www.tennisexplorer.com/player/parizzia/|Switzerland|||25|right|2014
Soriano Barrera A.|https://www.tennisexplorer.com/player/soriano-barrera/|Colombia|||25|right|2014
Martinez M.|https://www.tennisexplorer.com/player/martinez-61830/|Spain|||23|right|2016
Martinez Martinez J.|https://www.tennisexplorer.com/player/martinez-martinez-cdda0/|Spain|||28|right|2012
Friedler A.|https://www.tennisexplorer.com/player/friedler/|Israel|||22|right|2017
Knaff A.|https://www.tennisexplorer.com/player/knaff/|Luxembourg|||26|right|2015
Zanotti A.|https://www.tennisexplorer.com/player/zanotti-58057/|Italy|||25|right|2019
Sebesta J.|https://www.tennisexplorer.com/player/sebesta/|Switzerland|||21|right|2021
Calzi R.|https://www.tennisexplorer.com/player/calzi/|Luxembourg|||27|right|2014
Barroso Campos A.|https://www.tennisexplorer.com/player/barroso-campos/|Spain|178|72|28|right|2013
Tanner G.|https://www.tennisexplorer.com/player/tanner-01f2e/|Switzerland||||right|2019
Florig P.|https://www.tennisexplorer.com/player/florig/|Germany|||20|right|2020
Pokorny L.|https://www.tennisexplorer.com/player/pokorny-6f34e/|Slovakia|||22|right|2020
Deschamps T.|https://www.tennisexplorer.com/player/deschamps-af697/|France|||26|right|2016
Ferrarolli D.|https://www.tennisexplorer.com/player/ferrarolli/|Italy||||right|2017
Garcia M.|https://www.tennisexplorer.com/player/garcia-9628f/|Spain|||27|right|2013
Teodorovic P.|https://www.tennisexplorer.com/player/teodorovic/|Serbia||||right|2020
Duncan S.|https://www.tennisexplorer.com/player/duncan-6d574/|GreatBritain|||29|right|2011
Ortenzi G.|https://www.tennisexplorer.com/player/ortenzi-11d4c/|Italy|||24|right|2017
Lopez N.|https://www.tennisexplorer.com/player/lopez-f2d4a/|Switzerland|||22|left|2018
Iamachkine P.|https://www.tennisexplorer.com/player/iamachkine/|Peru|||28|right|2012
De Rueda De Genover I.|https://www.tennisexplorer.com/player/de-rueda-de-genover/|Spain|183|75|26|right|2013
Moghini G.|https://www.tennisexplorer.com/player/moghini/|Switzerland|||28|right|2013
Braithwaite T.|https://www.tennisexplorer.com/player/braithwaite/|Australia|||24|right|2019
Misrahi J.|https://www.tennisexplorer.com/player/misrahi/|France||||right|2020
Shiraishi H.|https://www.tennisexplorer.com/player/shiraishi-6f6a9/|Japan|||24|right|2016
Morolli A.|https://www.tennisexplorer.com/player/morolli/|Italy|||24|right|2019
Franco T.|https://www.tennisexplorer.com/player/franco-3ac7e/|Argentina|||22|right|2019
Ivanov V.|https://www.tennisexplorer.com/player/ivanov-a2e30/|Russia|||25|right|2015
Planelles Ripoll G.|https://www.tennisexplorer.com/player/planelles-ripoll/|Spain|||21|right|2019
Yunchaokete B.|https://www.tennisexplorer.com/player/yunchaokete/|China|||22|right|2017
Hansch Mauritzson F.|https://www.tennisexplorer.com/player/hansch-mauritzson/|Sweden||||right|2021
Scaglia M.|https://www.tennisexplorer.com/player/scaglia-80e23/|France|||25|right|2014
Roggero T.|https://www.tennisexplorer.com/player/roggero-c984a/|Italy|||28|right|2016
Versier V.|https://www.tennisexplorer.com/player/versier/|France|||26|right|2018
Cekirge K.|https://www.tennisexplorer.com/player/cekirge/|Turkey|||24|right|2016
Schaer R.|https://www.tennisexplorer.com/player/schaer-480c0/|Switzerland||||right|2021
Hess S.|https://www.tennisexplorer.com/player/hess-d7693/|Argentina|||23|right|2018
Ballekere Ravikumar N.|https://www.tennisexplorer.com/player/ballekere-ravikumar/|India|||26|right|2016
Orlikowski A.|https://www.tennisexplorer.com/player/orlikowski-5b17a/|Poland|||20|right|2020
Mostardi N.|https://www.tennisexplorer.com/player/mostardi/|USA|||26|right|2017
Aubriot A.|https://www.tennisexplorer.com/player/aubriot/|France|||25|right|2018
Antinheimo O.|https://www.tennisexplorer.com/player/antinheimo/|Finland||||right|2019
Kellovsky D.|https://www.tennisexplorer.com/player/kellovsky/|CzechRepublic|183|78|28|right|2012
Porras J.|https://www.tennisexplorer.com/player/porras/|Argentina|||26|right|2021
Cohen A.|https://www.tennisexplorer.com/player/cohen-6214c/|Israel|||21|right|2019
O'Hoisin O.|https://www.tennisexplorer.com/player/o-hoisin/|Ireland|193|82|27|right|2015
Gentzsch T.|https://www.tennisexplorer.com/player/gentzsch/|Germany|||20|right|2021
Aranzabal M.|https://www.tennisexplorer.com/player/aranzabal/|Spain|||23|right|2016
Kamrowski M.|https://www.tennisexplorer.com/player/kamrowski/|Poland|||21|right|2020
Bojarski A.|https://www.tennisexplorer.com/player/bojarski/|Poland|||21|right|2019
Simakin I.|https://www.tennisexplorer.com/player/simakin/|Russia|||20|right|2020
Barnat J.|https://www.tennisexplorer.com/player/barnat/|CzechRepublic|||23|right|2017
Camposeo S.|https://www.tennisexplorer.com/player/camposeo/|Italy|||24|right|2016
Bondar M.|https://www.tennisexplorer.com/player/bondar-93922/|Ukraine||||right|2021
Serra Sanchez N.|https://www.tennisexplorer.com/player/serra-sanchez/|Spain|||20|right|2019
Postay A.|https://www.tennisexplorer.com/player/postay/|Argentina|||27|right|2014
Vilaro A.|https://www.tennisexplorer.com/player/vilaro/|Argentina|178|74|28|right|2012
Kuehne C.|https://www.tennisexplorer.com/player/kuehne-ad314/|Switzerland||||right|2020
Yunis F.|https://www.tennisexplorer.com/player/yunis-d1374/|Switzerland|||22|right|2017
Rohrer N.|https://www.tennisexplorer.com/player/rohrer/|Austria||||right|2019
La Cava I.|https://www.tennisexplorer.com/player/la-cava-07339/|Italy||||right|2021
Cubelic K.|https://www.tennisexplorer.com/player/cubelic/|Germany|188|77|26|left|2015
Baum S.|https://www.tennisexplorer.com/player/baum-50960/|CzechRepublic|||21|left|2021
Franzini M.|https://www.tennisexplorer.com/player/franzini/|Italy|||23|right|2019
Koenig L.|https://www.tennisexplorer.com/player/koenig-db171/|GreatBritain|||21|right|2020
Salomone F.|https://www.tennisexplorer.com/player/salomone/|Italy|||23|right|2017
Karol M.|https://www.tennisexplorer.com/player/karol-5fc49/|Slovakia|198|90|21|right|2019
Trochu P.|https://www.tennisexplorer.com/player/trochu/|France|||20|right|2020
Rehberg M.|https://www.tennisexplorer.com/player/rehberg-2d8d7/|Germany|||20|right|2018
De Rossi M.|https://www.tennisexplorer.com/player/de-rossi/|SanMarino|||27|right|2012
Speziali F.|https://www.tennisexplorer.com/player/speziali-6a7a6/|Italy|||24|right|2018
Bertuccioli F.|https://www.tennisexplorer.com/player/bertuccioli/|Italy|||26|right|2014
Bourgois C.|https://www.tennisexplorer.com/player/bourgois/|France|194|83|26|right|2014
Lin W.|https://www.tennisexplorer.com/player/lin-edfce/|ChineseTaipei|178|80|28|right|2011
Chung H.|https://www.tennisexplorer.com/player/chung-48e14/|SouthKorea|170|76|31|left|2010
Nordquist A.|https://www.tennisexplorer.com/player/nordquist/|Sweden|185|84|26|right|2015
Cloes L.|https://www.tennisexplorer.com/player/cloes/|Belgium|||25|right|2015
Vaitiekunas P.|https://www.tennisexplorer.com/player/vaitiekunas/|Lithuania|||21|right|2017
Purtseladze S.|https://www.tennisexplorer.com/player/purtseladze/|Georgia|||22|right|2017
Zukauskas S.|https://www.tennisexplorer.com/player/zukauskas/|Lithuania|||25|right|2017
Yamanaka T.|https://www.tennisexplorer.com/player/yamanaka-405ce/|Japan|||22|right|2018
Hopp M.|https://www.tennisexplorer.com/player/hopp/|Germany|||25|right|2018
Kalender A.|https://www.tennisexplorer.com/player/kalender-94d21/|Croatia|||23|right|2017
Popovic S.|https://www.tennisexplorer.com/player/popovic-cc443/|Germany|||22|right|2017
Antonescu V.|https://www.tennisexplorer.com/player/antonescu-5d07c/|Romania|183|82|34|right|2008
Misasi G.|https://www.tennisexplorer.com/player/misasi/|Italy|||23|right|2018
Konov S.|https://www.tennisexplorer.com/player/konov-d9e16/|Bulgaria|||21|right|2018
Agabigun S.|https://www.tennisexplorer.com/player/agabigun/|Turkey|178|75|27|right|2012
Sakellaridis M.|https://www.tennisexplorer.com/player/sakellaridis/|Greece|||23|right|2015
Carnevalle L.|https://www.tennisexplorer.com/player/carnevalle/|Argentina|||22|right|2018
Kazakov I.|https://www.tennisexplorer.com/player/kazakov-c176f/|Russia|||22|right|2018
Gakhov I.|https://www.tennisexplorer.com/player/gakhov/|Russia|191|80|27|left|2011
Atlangeriev B.|https://www.tennisexplorer.com/player/atlangeriev-c4dcb/|Russia|||23|right|2016
Karlovskiy E.|https://www.tennisexplorer.com/player/karlovskiy/|Russia|191|85|30|right|2010
Liaonenka A.|https://www.tennisexplorer.com/player/liaonenka/|Belarus|||25|right|2014
Ratniuk M.|https://www.tennisexplorer.com/player/ratniuk/|Russia|185|80|28|right|2013
Novikov E.|https://www.tennisexplorer.com/player/novikov-8bf89/|Russia||||right|2019
Poljak D.|https://www.tennisexplorer.com/player/poljak/|CzechRepublic|188|77|28|right|2011
Ibragimov D.|https://www.tennisexplorer.com/player/ibragimov-f31c8/|Russia||||right|2019
Minakov M.|https://www.tennisexplorer.com/player/minakov/|Russia|||23|right|2016
Verbin P.|https://www.tennisexplorer.com/player/verbin/|Russia|||22|right|2017
Bulitski A.|https://www.tennisexplorer.com/player/bulitski/|Belarus|||31|right|2008
Tkemaladze Z.|https://www.tennisexplorer.com/player/tkemaladze/|Georgia|185|73|24|right|2016
Haliak M.|https://www.tennisexplorer.com/player/haliak/|Belarus|183|75|26|right|2014
Binda A.|https://www.tennisexplorer.com/player/binda/|Italy|||22|right|2018
Bar Biryukov P.|https://www.tennisexplorer.com/player/bar-biryukov/|Russia|||22|left|2021
Khomich A.|https://www.tennisexplorer.com/player/khomich/|Belarus|191|80|27|right|2013
Martin A.|https://www.tennisexplorer.com/player/martin-3dfa5/|Slovakia|183|83|34|right|2005
Moreno De Alboran N.|https://www.tennisexplorer.com/player/moreno-de-alboran-a31d1/|USA|185|82|27|right|2013
Brancaccio R.|https://www.tennisexplorer.com/player/brancaccio/|Italy|183|72|27|right|2013
Esteve Lobato E.|https://www.tennisexplorer.com/player/esteve-lobato/|Spain|188|83|29|right|2010
Masur D.|https://www.tennisexplorer.com/player/masur-d87d6/|Germany|183|78|29|right|2011
Zeppieri G.|https://www.tennisexplorer.com/player/zeppieri/|Italy|185|78|22|left|2016
Sels J.|https://www.tennisexplorer.com/player/sels/|Netherlands|188|83|29|right|2010
Fabbiano T.|https://www.tennisexplorer.com/player/fabbiano/|Italy|173|70|35|right|2003
Halys Q.|https://www.tennisexplorer.com/player/halys/|France|191|78|27|right|2011
Vavassori A.|https://www.tennisexplorer.com/player/vavassori/|Italy|193|78|29|right|2011
Mmoh M.|https://www.tennisexplorer.com/player/mmoh/|USA|188|90|26|right|2012
Agamenone F.|https://www.tennisexplorer.com/player/agamenone/|Italy|188|82|31|right|2008
Fils A.|https://www.tennisexplorer.com/player/fils/|France|||20|right|2020
Viola M.|https://www.tennisexplorer.com/player/viola-50d09/|Italy|185|80|37|right|2004
Pospisil V.|https://www.tennisexplorer.com/player/pospisil-9e7de/|Canada|193|88|34|right|2005
Geerts M.|https://www.tennisexplorer.com/player/geerts/|Belgium|178|73|29|right|2013
Iannaccone F.|https://www.tennisexplorer.com/player/iannaccone/|Italy|||25|right|2016
Tabacco F.|https://www.tennisexplorer.com/player/tabacco/|Italy|||22|right|2018
Paulson A.|https://www.tennisexplorer.com/player/paulson-c9bf3/|CzechRepublic|||22|right|2018
Veldheer M.|https://www.tennisexplorer.com/player/veldheer-04b23/|Netherlands|183|78|28|left|2014
Napolitano S.|https://www.tennisexplorer.com/player/napolitano/|Italy|196|90|29|right|2010
Moeller M.|https://www.tennisexplorer.com/player/moeller-322bf/|Germany|178|69|25|right|2016
Holt B.|https://www.tennisexplorer.com/player/holt-669c7/|USA|185|82|26|right|2015
Leite W.|https://www.tennisexplorer.com/player/leite-f2563/|Brazil|178|72|32|right|2008
Peliwo F.|https://www.tennisexplorer.com/player/peliwo/|Poland|180|72|30|right|2010
Villar Y.|https://www.tennisexplorer.com/player/villar-1e802/|DominicanRep.|||23|right|2017
Hijikata R.|https://www.tennisexplorer.com/player/hijikata/|Australia|178|68|23|right|2016
Balzerani R.|https://www.tennisexplorer.com/player/balzerani/|Italy|185|80|25|right|2013
Gueymard Wayenburg S.|https://www.tennisexplorer.com/player/gueymard-wayenburg/|France|||21|right|2020
Capecchi D.|https://www.tennisexplorer.com/player/capecchi/|Italy|180|75|28|right|2012
Bellucci M.|https://www.tennisexplorer.com/player/bellucci-47e7e/|Italy|||23|left|2018
Harris A.|https://www.tennisexplorer.com/player/harris-6e66d/|Australia|183|81|30|right|2010
Crnokrak A.|https://www.tennisexplorer.com/player/crnokrak/|Australia|191|83|24|right|2015
Blancaneaux G.|https://www.tennisexplorer.com/player/blancaneaux/|France|180|75|26|right|2014
Kovacevic A.|https://www.tennisexplorer.com/player/kovacevic-a2706/|USA|183|76|25|right|2015
Smith K.|https://www.tennisexplorer.com/player/smith-8b3b8/|USA|198|93|26|right|2016
Brymer G.|https://www.tennisexplorer.com/player/brymer-9177b/|USA|185|70|29|right|2013
Gerch L.|https://www.tennisexplorer.com/player/gerch-539c1/|Germany|193|86|29|left|2011
Nanda G.|https://www.tennisexplorer.com/player/nanda-08d89/|USA|||23|right|2015
Rybakov A.|https://www.tennisexplorer.com/player/rybakov/|USA|185|68|27|left|2012
Klier Junior G.|https://www.tennisexplorer.com/player/klier-junior-75c19/|Brazil|||24|right|2016
Prihodko O.|https://www.tennisexplorer.com/player/prihodko/|Ukraine|180|77|26|right|2014
Tomasetto L.|https://www.tennisexplorer.com/player/tomasetto/|Italy|||28|right|2014
Araujo P.|https://www.tennisexplorer.com/player/araujo-e79f1/|Portugal|||22|right|2019
Wehnelt K.|https://www.tennisexplorer.com/player/wehnelt/|Germany|||28|right|2012
Moro Canas A.|https://www.tennisexplorer.com/player/moro-canas/|Spain|||23|right|2017
Vrbensky M.|https://www.tennisexplorer.com/player/vrbensky/|CzechRepublic|180|65|24|right|2016
Cacao T.|https://www.tennisexplorer.com/player/cacao-391a5/|Portugal|185|82|26|right|2013
Onclin G.|https://www.tennisexplorer.com/player/onclin-89017/|Belgium|||23|right|2016
Bertola R.|https://www.tennisexplorer.com/player/bertola-e4bb8/|Switzerland|||25|right|2014
Oradini G.|https://www.tennisexplorer.com/player/oradini-5af56/|Italy|||26|left|2012
Handel T.|https://www.tennisexplorer.com/player/handel/|Germany|||27|right|2013
Heller P.|https://www.tennisexplorer.com/player/heller-94b2f/|Germany|185|76|32|right|2008
Neuchrist M.|https://www.tennisexplorer.com/player/neuchrist/|Austria|||33|right|2009
Faria L.|https://www.tennisexplorer.com/player/faria-53dc8/|Portugal|||25|right|2014
Svrcina D.|https://www.tennisexplorer.com/player/svrcina/|CzechRepublic|178|68|21|right|2017
Paul J.|https://www.tennisexplorer.com/player/paul-b9a07/|Switzerland|||25|right|2016
Added D.|https://www.tennisexplorer.com/player/added/|France|183|72|25|right|2015
Nouza P.|https://www.tennisexplorer.com/player/nouza/|CzechRepublic|193|86|25|right|2015
Sorrentino L.|https://www.tennisexplorer.com/player/sorrentino/|Italy|||26|right|2015
Harris B.|https://www.tennisexplorer.com/player/harris-5a94c/|GreatBritain|191|86|29|right|2013
Fanselow S.|https://www.tennisexplorer.com/player/fanselow-fef29/|Germany|||32|right|2007
Parker S.|https://www.tennisexplorer.com/player/parker-77982/|GreatBritain|||27|right|2016
Lokoli L.|https://www.tennisexplorer.com/player/lokoli/|France|188|78|29|right|2010
Sanchez Jover C.|https://www.tennisexplorer.com/player/sanchez-jover/|Spain|||24|left|2015
Heyman C.|https://www.tennisexplorer.com/player/heyman/|Belgium|191|90|30|left|2012
Ragazzi A.|https://www.tennisexplorer.com/player/ragazzi/|Italy|||27|right|2016
Squire H.|https://www.tennisexplorer.com/player/squire/|Germany|||23|right|2015
Minin M.|https://www.tennisexplorer.com/player/minin/|Russia|185|81|23|left|2016
Korobeynikov G.|https://www.tennisexplorer.com/player/korobeynikov/|Uzbekistan|||25|right|2015
Glinka D.|https://www.tennisexplorer.com/player/glinka/|Estonia|||24|left|2015
Kravchuk K.|https://www.tennisexplorer.com/player/kravchuk/|Russia|191|80|39|right|2003
Kachmazov A.|https://www.tennisexplorer.com/player/kachmazov/|Russia|||21|right|2018
Topo M.|https://www.tennisexplorer.com/player/topo-77408/|Germany|||20|right|2020
Kielan S.|https://www.tennisexplorer.com/player/kielan/|Poland|||21|right|2020
Tashbulatov D.|https://www.tennisexplorer.com/player/tashbulatov/|Kazakhstan|||24|right|2015
Philippov E.|https://www.tennisexplorer.com/player/philippov/|Russia|||22|right|2019
Tu L.|https://www.tennisexplorer.com/player/tu-41622/|Australia|||28|right|2011
Koaykul K.|https://www.tennisexplorer.com/player/koaykul/|Thailand|||29|right|2012
Beaupain S.|https://www.tennisexplorer.com/player/beaupain/|Belgium|178|76|25|right|2014
Papac T.|https://www.tennisexplorer.com/player/papac-6f449/|Australia|191|75|29|right|2012
Santillan A.|https://www.tennisexplorer.com/player/santillan-29bed/|Australia|180|78|27|right|2012
Puttergill C.|https://www.tennisexplorer.com/player/puttergill/|Australia|183|78|30|right|2011
Volonski N.|https://www.tennisexplorer.com/player/volonski/|Australia|||22|right|2018
McCabe J.|https://www.tennisexplorer.com/player/mccabe-b71c6/|Australia|||21|right|2020
Fancutt T.|https://www.tennisexplorer.com/player/fancutt/|Australia|||29|right|2012
Cavrak K.|https://www.tennisexplorer.com/player/cavrak/|Australia|||23|right|2016
Tanuma R.|https://www.tennisexplorer.com/player/tanuma/|Japan|180|64|28|right|2013
Kelly D.|https://www.tennisexplorer.com/player/kelly-ebf89/|Australia|||34|right|2006
Takahashi Y.|https://www.tennisexplorer.com/player/takahashi-aebfd/|Japan|170|68|26|right|2013
Takeuchi K.|https://www.tennisexplorer.com/player/takeuchi-44d4e/|Japan|||36|left|2004
Zhukayev B.|https://www.tennisexplorer.com/player/zhukayev/|Kazakhstan|||23|right|2016
Agafonov E.|https://www.tennisexplorer.com/player/agafonov-d2c93/|Russia|||21|right|2019
Manafov V.|https://www.tennisexplorer.com/player/manafov/|Ukraine|||31|left|2011
Liutarevich I.|https://www.tennisexplorer.com/player/liutarevich/|Belarus|||28|right|2013
Dubrivnyy A.|https://www.tennisexplorer.com/player/dubrivnyy/|Russia|183|75|25|right|2014
Dellavedova M.|https://www.tennisexplorer.com/player/dellavedova/|Australia|191|81|24|right|2015
Schoolkate T.|https://www.tennisexplorer.com/player/schoolkate/|Australia|183|78|23|right|2019
Sweeny D.|https://www.tennisexplorer.com/player/sweeny/|Australia|170|63|23|right|2016
Harper M.|https://www.tennisexplorer.com/player/harper-a27a0/|Australia|178|66|26|right|2012
Tajima N.|https://www.tennisexplorer.com/player/tajima-98d94/|Japan|173|73|23|right|2016
Fitzgerald P.|https://www.tennisexplorer.com/player/fitzgerald-639b5/|Australia|||28|right|2015
Sada I.|https://www.tennisexplorer.com/player/sada/|Italy|||26|right|2018
Matsumura R.|https://www.tennisexplorer.com/player/matsumura-af2cf/|Japan|183|69|27|right|2011
Connor P.|https://www.tennisexplorer.com/player/connor-fe4e3/|Ireland|||23|right|2017
Li H.|https://www.tennisexplorer.com/player/li-6ddce/|China|||21|right|2020
Atmane T.|https://www.tennisexplorer.com/player/atmane/|France|||22|left|2017
Kumar O.|https://www.tennisexplorer.com/player/kumar-5a863/|USA|||22|left|2016
Erhard M.|https://www.tennisexplorer.com/player/erhard/|France|188|80|22|right|2016
Zhu M.|https://www.tennisexplorer.com/player/zhu-b5945/|USA|175|77|32|right|2009
Jovic V.|https://www.tennisexplorer.com/player/jovic-3c26d/|Serbia|||22|right|2020
Carr S.|https://www.tennisexplorer.com/player/carr-251e8/|Ireland|183|77|24|right|2015
Briand J.|https://www.tennisexplorer.com/player/briand-e5b69/|France|||25|right|2015
Naw H.|https://www.tennisexplorer.com/player/naw/|Syria|||24|right|2015
Rincon D.|https://www.tennisexplorer.com/player/rincon-d1dab/|Spain|||21|left|2019
Ros Mesas M.|https://www.tennisexplorer.com/player/ros-mesas/|Spain|||20|right|2018
Egea F.|https://www.tennisexplorer.com/player/egea-d47bc/|Argentina||||right|2012
Duda F.|https://www.tennisexplorer.com/player/duda-641ce/|CzechRepublic|||25|right|2015
Langmajer D.|https://www.tennisexplorer.com/player/langmajer/|CzechRepublic|||24|right|2016
Gengel M.|https://www.tennisexplorer.com/player/gengel/|CzechRepublic|185|80|28|right|2014
Vincent Ruggeri S.|https://www.tennisexplorer.com/player/vincent-ruggeri/|Italy|||22|right|2019
Massara A.|https://www.tennisexplorer.com/player/massara/|Italy|178|70|28|right|2010
Horak O.|https://www.tennisexplorer.com/player/horak-d773c/|CzechRepublic|||21|right|2018
Collignon R.|https://www.tennisexplorer.com/player/collignon/|Belgium|||22|right|2020
De Carvalho V.|https://www.tennisexplorer.com/player/de-carvalho/|Portugal|||25|right|2017
Patael B.|https://www.tennisexplorer.com/player/patael/|Israel|188|80|27|right|2012
Zakaryia F.|https://www.tennisexplorer.com/player/zakaryia/|Egypt|||23|right|2017
Giacalone O.|https://www.tennisexplorer.com/player/giacalone-21b23/|Italy|180|80|32|right|2008
Srbljak G.|https://www.tennisexplorer.com/player/srbljak/|NorthMacedonia|||26|left|2015
Ovcharenko O.|https://www.tennisexplorer.com/player/ovcharenko-bb3a3/|Ukraine|||22|right|2016
Ahouda W.|https://www.tennisexplorer.com/player/ahouda-6e19f/|Morocco|||20|right|2018
Breysach M.|https://www.tennisexplorer.com/player/breysach/|France|||22|right|2017
Pawelski M.|https://www.tennisexplorer.com/player/pawelski/|Poland|||19|right|2020
Hajek P.|https://www.tennisexplorer.com/player/hajek-b10cc/|CzechRepublic|||27|right|2015
Tepmahc N.|https://www.tennisexplorer.com/player/tepmahc/|France|||23|right|2017
Tenti F.|https://www.tennisexplorer.com/player/tenti-9fe5e/|Argentina|180|74|27|right|2016
Woerner P.|https://www.tennisexplorer.com/player/woerner/|Germany|||27|right|2010
Jones L.|https://www.tennisexplorer.com/player/jones-72e40/|Japan||||right|2022
Pascual Ferra R.|https://www.tennisexplorer.com/player/pascual-ferra/|Spain|||18|left|2021
Alcala Gurri M.|https://www.tennisexplorer.com/player/alcala-gurri/|Spain|||21|right|2018
Boehler D.|https://www.tennisexplorer.com/player/boehler/|Germany|||28|right|2012
Serafini M.|https://www.tennisexplorer.com/player/serafini-1e863/|Italy|||21|right|2021
Gaubas V.|https://www.tennisexplorer.com/player/gaubas/|Lithuania|||19|right|2019
Lopez Morillo I.|https://www.tennisexplorer.com/player/lopez-morillo/|Spain|||24|right|2016
Kimhi O.|https://www.tennisexplorer.com/player/kimhi-02a18/|Israel|||20|right|2019
Wojcik Y.|https://www.tennisexplorer.com/player/wojcik-18db2/|Poland|185|74|27|left|2014
Musialek A.|https://www.tennisexplorer.com/player/musialek/|France|183|80|36|right|2008
Borg L.|https://www.tennisexplorer.com/player/borg-0659d/|Sweden|||21|right|2020
Miceli M.|https://www.tennisexplorer.com/player/miceli/|Italy|||25|right|2015
Lee D.|https://www.tennisexplorer.com/player/lee-42da3/|SouthKorea|175|75|26|right|2013
Pecak S.|https://www.tennisexplorer.com/player/pecak/|CzechRepublic|||24|right|2018
Vilardo F.|https://www.tennisexplorer.com/player/vilardo/|Italy|178|70|34|right|2005
Mensik J.|https://www.tennisexplorer.com/player/mensik/|CzechRepublic|||18|right|2020
Simon S.|https://www.tennisexplorer.com/player/simon-2af95/|Israel|||23|right|2016
Stevenson K.|https://www.tennisexplorer.com/player/stevenson-750fd/|Canada|183|76|34|right|2005
Gigante M.|https://www.tennisexplorer.com/player/gigante-f720d/|Italy|||22|left|2019
Uzhylovsky V.|https://www.tennisexplorer.com/player/uzhylovsky/|Ukraine|196|102|36|right|2004
Krainer L.|https://www.tennisexplorer.com/player/krainer/|Austria|198|83|23|right|2016
Park U.|https://www.tennisexplorer.com/player/park-872bb/|SouthKorea|||23|right|2015
Pieczkowski O.|https://www.tennisexplorer.com/player/pieczkowski/|Poland|||20|right|2020
Oral M.|https://www.tennisexplorer.com/player/oral-f6046/|USA|||20|right|2021
Fuele M.|https://www.tennisexplorer.com/player/fuele/|Hungary|||25|right|2015
Kuperstein A.|https://www.tennisexplorer.com/player/kuperstein/|USA||||right|2013
Terczynski M.|https://www.tennisexplorer.com/player/terczynski-b3dd3/|Poland|191|83|28|right|2011
Biljesko D.|https://www.tennisexplorer.com/player/biljesko/|Croatia|||27|right|2013
Weindl M.|https://www.tennisexplorer.com/player/weindl/|Germany|||29|right|2013
De Jager J.|https://www.tennisexplorer.com/player/de-jager-e07b9/|Netherlands||||right|2020
Admiraal A.|https://www.tennisexplorer.com/player/admiraal/|Netherlands|||24|right|2016
Raicevic D.|https://www.tennisexplorer.com/player/raicevic/|Montenegro||||right|2021
Houkes M.|https://www.tennisexplorer.com/player/houkes/|Netherlands|||24|left|2018
Zmak D.|https://www.tennisexplorer.com/player/zmak-9e7c0/|Croatia|185|82|35|right|2005
Khoeblal E.|https://www.tennisexplorer.com/player/khoeblal/|Netherlands|||22|right|2021
Laurent Y.|https://www.tennisexplorer.com/player/laurent-f4c7b/|France|183|76|32|right|2009
Mehrotra A.|https://www.tennisexplorer.com/player/mehrotra/|Australia|||27|right|2016
Jovanovski N.|https://www.tennisexplorer.com/player/jovanovski-b5a9a/|Australia|||27|right|2015
